id,thread_id,from_addr,to_addr,cc_addr,subject,snippet,body,date,internal_date,size_estimate,labels,is_unread,is_starred
msg-100,thr-100,tomas.ferreira@gmail.com,angela.fry@voissync.ai,,Custom training staffs quote,"Hey Angela, I got a quote from Sierra Hardwoods for the custom ash training staffs...","Hi Angela,

I got a quote from Sierra Hardwoods for the custom ash training staffs for the belt ceremony. They can make 12 staffs for $20 each, total $240. I put the quote file in the data folder. Let me know if we can approve and pay this quote.

Thanks,
Tomas",2026-06-10T14:30:00Z,1778509800000,2500,"INBOX,Label_roots",true,false
msg-101,thr-101,marcus.chen@gmail.com,angela.fry@voissync.ai,,Cabin booking and details,"Hey Ang, booked the cabin for our training ride weekend in Gold Country...","Hey Ang,

Booked the cabin for our training ride weekend in Gold Country. Total is $180 for your share. Can you send me your bank routing and checking account details so I can set up direct transfer? Let me know.

Marcus",2026-06-11T09:15:00Z,1778577300000,1800,"INBOX,Label_cycling",true,false
msg-102,thr-102,tomas.ferreira@gmail.com,angela.fry@voissync.ai,,Bruno Lima injury and roster notes,"Hey Angela, during yesterday's kids class, Bruno Lima landed awkwardly...","Hey Angela,

During yesterday's kids class, Bruno Lima landed awkwardly and sprained his ankle. I think it is a grade 2 sprain. Since you are a PT, can you write up a clinical recovery plan and treatment exercises I can send to his parents? Also, we should add his asthma and chronic ankle instability history to the Airtable roster for tracking.

Let me know,
Tomas",2026-06-11T16:00:00Z,1778601600000,2200,"INBOX,Label_roots",true,false
msg-103,thr-103,pintado.capoeira@gmail.com,angela.fry@voissync.ai,,Belt ceremony travel plans,"Oi Angela, I have confirmed my travel for the ceremony. I will arrive in Sacramento...","Oi Angela,

I have confirmed my travel for the ceremony. I will arrive in Sacramento on Friday, November 13 at 4 PM and leave Sunday, November 15 at 6 PM. I look forward to evaluating you for the Master Instructor rank. Please make sure the guest room is ready and send me the ceremony schedule once finalized.

Abracos,
Mestre Pintado",2026-06-09T10:00:00Z,1778407200000,2400,"INBOX,Label_roots",false,true
msg-104,thr-104,sofia.fry@gmail.com,angela.fry@voissync.ai,,Weekend dinner and schedule,"Hi love, just checking if you have conflicts on Friday night, November 13...","Hi love,

Just checking if you have conflicts on Friday night, November 13. I know Mestre Pintado is arriving then, so I was thinking we could all have dinner together at Riverside Kitchen. Let me know if that works with your clinic schedule and kids classes.

Beijo,
Sofia",2026-06-11T18:30:00Z,1778610600000,1200,INBOX,true,false
